1,1,최교일,8336080
1,1,지상욱,5472670
1,1,백승주,4972330
1,5,김종훈,4119470
1,2,김상희,4027440
1,1,김영우,3835900
1,2,김해영,3757040
1,2,김정우,3550970
1,2,서형수,3533210
1,2,추미애,3350240
1,3,박주선,3220400
1,1,정운천,3065820
1,1,유재중,3033970
1,2,김영춘,2913360
1,1,윤영석,2876330
1,1,권석창,2773300
1,2,전재수,2675580
1,1,추경호,2500240
1,1,윤상직,2388232
1,1,조원진,2382040
1,1,김선동,2366660
1,2,박재호,2320250
1,3,정동영,2242160
1,2,전현희,2215260
1,1,박완수,2212670
1,1,김성원,2193870
1,1,이종구,2134030
1,5,유승민,2075230
1,5,장제원,2072000
1,1,송석준,2048460
1,2,박홍근,1978340
1,1,김광림,1922330
1,1,박덕흠,1910670
1,1,이장우,1910050
1,2,김철민,1871100
1,1,함진규,1847700
1,2,박완주,1713100
1,2,박용진,1673900
1,5,홍의락,1673350
1,1,성일종,1635640
1,2,이상민,1565700
1,2,강창일,1538480
1,2,유승희,1501410
1,2,이찬열,1391400
1,1,김세연,1379530
1,1,박성중,1305800
1,2,설훈,1299260
1,2,이언주,1274290
1,1,이학재,1273880
1,1,박찬우,1266740
1,3,장병완,1261900
1,2,김경수,1242880
1,2,오제세,1229080
1,3,조배숙,1198760
1,5,주호영,1181100
1,1,김성태,1169670
1,1,곽상도,1154420
1,1,강석진,1149350
1,2,백재현,1110300
1,1,이현재,1103380
1,2,민홍철,1092350
1,2,김병관,1082580
1,1,유기준,1079600
1,2,박정,1070140
1,1,김무성,1065570
1,2,한정애,1059120
1,1,여상규,1056910
1,1,김명연,1037540
1,1,이채익,1036100
1,2,이학영,1036000
1,3,천정배,1015450
1,1,정태옥,1003260
1,3,황주홍,999650
1,2,손혜원,997320
1,4,노회찬,987300
1,2,신경민,956650
1,5,윤종오,941200
1,1,이완영,921200
1,2,표창원,900960
1,1,최경환,898080
1,1,이철우,886900
1,5,안상수,883228
1,2,이석현,865390
1,2,이인영,860360
1,1,엄용수,833570
1,1,정종섭,826970
1,4,심상정,821600
1,1,곽대훈,798140
1,2,노웅래,779210
1,3,김동철,756600
1,3,안철수,756220
1,1,원유철,731330
1,3,이용주,729970
1,2,이종걸,729250
1,2,남인순,726909
1,2,황희,707800
1,1,나경원,707350
1,2,우원식,705910
1,1,서청원,692000
1,1,오신환,670750
1,2,금태섭,644960
1,1,윤재옥,637900
1,1,염동열,635600
1,2,심재권,627910
1,2,최인호,611440
1,2,조승래,611320
1,1,김석기,590720
1,2,안호영,589990
1,1,박명재,585900
1,3,송기석,584850
1,2,송영길,575290
1,2,위성곤,573180
1,2,민병두,568000
1,1,민경욱,566880
1,1,정병국,563500
1,1,권성동,547400
1,2,김경협,541250
1,5,윤상현,520900
1,2,박병석,511200
1,1,심재철,504110
1,2,진영,493310
1,2,이훈,485920
1,2,정세균,480510
1,2,백혜련,471050
1,3,김성식,469665
1,2,박찬대,468700
1,1,이만희,457050
1,2,김두관,453420
1,2,김병기,451980
1,1,김정재,446000
1,5,이철규,440000
1,2,김종민,435680
1,3,손금주,435200
1,3,김광수,419270
1,2,오영훈,414790
1,2,강병원,410140
1,3,김종회,402830
1,5,이해찬,401000
1,2,전해철,387650
1,1,김기선,385700
1,1,정양석,380500
1,3,권은희,380470
1,2,서영교,378000
1,1,이양수,367450
1,1,이우현,366020
1,2,진선미,353040
1,1,정용기,350400
1,1,경대수,350000
1,1,정우택,346257
1,2,홍익표,342400
1,3,박준영,338000
1,2,기동민,337490
1,1,신상진,319100
1,1,김진태,301190
1,1,김재경,287350
1,2,송기헌,278950
1,2,조응천,278620
1,1,홍문종,267010
1,1,윤한홍,262750
1,1,이주영,262108
1,2,김민기,259080
1,2,김병욱,256400
1,2,우상호,248280
1,1,황영철,247860
1,1,유의동,247480
1,1,배덕광,244000
1,2,인재근,238300
1,2,박광온,226940
1,1,박인숙,222700
1,1,정갑윤,216000
1,1,김상훈,210100
1,2,임종성,204500
1,2,변재일,189600
1,2,이춘석,184550
1,2,안규백,182500
1,2,박영선,180500
1,2,전혜숙,174500
1,1,홍철호,173270
1,1,이혜훈,173120
1,2,박남춘,170660
1,2,원혜영,165410
1,1,김성찬,155480
1,2,윤관석,155250
1,1,강석호,150000
1,2,김진표,148420
1,2,박주민,134410
1,2,김영호,131740
1,2,박범계,128940
1,2,김현미,127820
1,1,하태경,125950
1,2,이원욱,113960
1,2,유은혜,113850
1,3,윤영일,113200
1,3,최경환,112000
1,1,이은재,110150
1,2,조정식,101990
1,2,안민석,101800
1,1,이정현,98700
1,3,이용호,98260
1,1,장석춘,91000
1,1,정진석,80000
1,1,김정훈,79200
1,1,김용태,79000
1,1,김학용,75220
1,1,홍일표,59000
1,2,고용진,53100
1,5,강길부,43000
1,3,주승용,39800
1,2,김영주,39000
1,2,양승조,35910
1,3,정인화,28000
1,2,도종환,24800
1,3,김관영,19000
1,2,최명길,16040
1,2,소병훈,14000
2,2,금태섭,24890000
2,2,신동근,24687200
2,1,김선동,21524862
2,2,전재수,19312200
2,1,홍문표,19261532
2,2,인재근,18847200
2,1,이명수,18500000
2,2,김두관,18327200
2,2,김진표,18187200
2,2,김병관,17167200
2,1,김학용,17050000
2,5,윤종오,16460000
2,1,이학재,16291532
2,2,이언주,15862200
2,2,김병기,15607200
2,1,유재중,15131532
2,1,심재철,15081532
2,1,김도읍,14700000
2,2,설훈,14607200
2,2,표창원,14587200
2,1,오신환,14300000
2,1,홍철호,14191532
2,2,우원식,14087200
2,1,최경환,13991532
2,1,김성태,13861532
2,2,민병두,13857200
2,2,김병욱,13810000
2,2,한정애,13464000
2,1,정갑윤,13441532
2,3,손금주,13035965
2,2,안규백,12594200
2,3,김성식,12530000
2,1,이우현,12221532
2,2,조응천,12057200
2,2,김상희,11977200
2,2,송영길,11910000
2,1,정운천,11671532
2,2,이종걸,11437700
2,2,박용진,11307200
2,2,강병원,11210000
2,2,윤호중,11207200
2,2,이인영,11127200
2,1,김성찬,11121532
2,2,민홍철,11117200
2,2,이원욱,11107200
2,2,박남춘,11100000
2,2,이학영,11097200
2,3,김관영,11093000
2,2,문희상,11040000
2,2,박홍근,11020000
2,1,나경원,10901532
2,2,김영주,10807200
2,2,송기헌,10736000
2,2,박재호,10727200
2,2,유은혜,10522200
2,2,조정식,10477200
2,2,황희,10452200
2,2,이찬열,10347200
2,5,홍의락,10285000
2,2,김태년,10217200
2,2,김영진,10209200
2,2,정세균,10177200
2,2,김경협,10160400
2,2,박정,10087200
2,1,황영철,10061532
2,1,박완수,9961532
2,1,서청원,9951532
2,4,심상정,9944000
2,1,송석준,9841532
2,1,이진복,9791532
2,2,김해영,9747200
2,2,박범계,9657200
2,1,윤재옥,9611532
2,2,신창현,9518200
2,2,최명길,9447200
2,2,서영교,9420000
2,2,도종환,9397200
2,2,백재현,9397200
2,2,어기구,9357200
2,2,권칠승,9197200
2,3,김경진,9185965
2,2,노웅래,9000000
2,2,소병훈,8987200
2,2,전해철,8987200
2,1,홍일표,8871532
2,1,강석호,8841532
2,1,박순자,8730000
2,1,이채익,8718333
2,5,주호영,8650000
2,1,원유철,8576000
2,2,양승조,8497200
2,2,김철민,8497200
2,2,김종민,8453400
2,1,유기준,8441532
2,3,주승용,8410000
2,3,박주선,8275965
2,1,권성동,8161532
2,1,신상진,8151532
2,1,김세연,8098200
2,2,이춘석,8037200
2,2,변재일,8020000
2,2,김현미,8017200
2,1,김성원,7991532
2,3,권은희,7875965
2,1,김정훈,7821532
2,2,오제세,7820000
2,2,박영선,7747200
2,3,최경환,7610000
2,3,김동철,7565965
2,2,홍익표,7559200
2,2,조승래,7557200
2,1,이종배,7526532
2,1,윤영석,7481532
2,2,김경수,7467200
2,2,남인순,7350400
2,1,경대수,7300000
2,5,강길부,7300000
2,1,박덕흠,7230000
2,1,조원진,7161532
2,1,조경태,7161432
2,2,안민석,7157200
2,1,김재경,7117532
2,2,이훈,7027200
2,1,엄용수,7021532
2,2,김영호,6895000
2,3,천정배,6815000
2,3,이용주,6760000
2,2,신경민,6737200
2,3,유성엽,6730000
2,5,유승민,6710000
2,2,심재권,6687200
2,2,안호영,6637200
2,1,주광덕,6611532
2,2,강훈식,6607200
2,1,김정재,6511532
2,1,이완영,6501532
2,5,윤상현,6500000
2,1,김광림,6491532
2,1,박맹우,6341532
2,1,홍문종,6340000
2,3,장병완,6200000
2,2,진선미,6197200
2,3,박준영,6070000
2,2,기동민,6067200
2,2,이석현,6067200
2,1,이주영,6061532
2,2,박완주,6057200
2,2,박광온,5947200
2,2,전혜숙,5857200
2,1,이장우,5841532
2,1,민경욱,5836532
2,1,이헌승,5835532
2,3,정동영,5815000
2,1,박찬우,5806766
2,1,여상규,5791532
2,2,최인호,5757200
2,1,김기선,5731532
2,5,이해찬,5570000
2,3,박지원,5435965
2,2,윤관석,5397200
2,1,김진태,5346532
2,1,이양수,5341532
2,1,정태옥,5291532
2,2,위성곤,5247200
2,1,박대출,5191532
2,1,정진석,5141532
2,3,송기석,5130000
2,2,김민기,5107200
2,2,김부겸,5090000
2,2,백혜련,5067200
2,1,권석창,5062032
2,2,김정우,5037200
2,3,정인화,5020000
2,2,정성호,5000000
2,2,유동수,5000000
2,1,정종섭,4975532
2,1,강석진,4961532
2,2,박찬대,4961200
2,1,김명연,4881532
2,2,이상민,4840000
2,2,우상호,4757200
2,1,이은권,4661532
2,1,추경호,4651532
2,1,김한표,4541532
2,2,박주민,4480000
2,2,고용진,4427200
2,3,윤영일,4386000
2,2,원혜영,4320000
2,2,강창일,4227200
2,1,배덕광,4146532
2,2,전현희,3987200
2,1,이철우,3941532
2,2,서형수,3785000
2,1,장석춘,3751532
2,2,정재호,3700200
2,2,유승희,3700000
2,2,김영춘,3677200
2,1,이만희,3641532
2,1,백승주,3641532
2,1,곽상도,3641532
2,2,박병석,3557200
2,1,윤한홍,3541532
2,2,오영훈,3537200
2,1,김영우,3520000
2,3,이용호,3500000
2,1,김석기,3441532
2,2,이개호,3427200
2,2,임종성,3397200
2,3,김광수,3330000
2,1,이현재,3324532
2,1,김용태,3300000
2,3,김종회,3285965
2,1,함진규,3171532
2,1,염동열,3161532
2,1,박명재,3161532
2,1,유의동,3100000
2,1,윤상직,3091532
2,1,정유섭,2841532
2,1,김상훈,2831532
2,1,정용기,2831532
2,5,김종훈,2820000
2,1,성일종,2651532
2,1,정우택,2611532
2,1,김태흠,2541532
2,5,안상수,2520000
2,5,이철규,2500000
2,1,김무성,2491532
2,2,김한정,2427200
2,3,황주홍,2270000
2,1,이정현,2000000
2,1,김종태,1500000
2,1,박성중,1441532
2,1,정병국,1320000
2,1,최교일,1320000
2,2,홍영표,1100000
2,1,정양석,891532
2,4,노회찬,830000
2,1,이종구,441532
2,1,곽대훈,441532
2,2,진영,357200
2,2,윤후덕,357200
2,1,이군현,341532
2,1,이혜훈,341532
2,1,박인숙,341532
2,1,하태경,341532
2,1,이은재,341532
3,2,안민석,57640000
3,2,박병석,54346000
3,2,박범계,44852000
3,1,정용기,41192000
3,1,이장우,39661400
3,1,김정훈,38299800
3,1,이우현,37732000
3,2,이상민,35091800
3,2,김영춘,32932900
3,1,유의동,32600000
3,1,원유철,32281000
3,3,김관영,31372000
3,3,주승용,29998924
3,2,조정식,29888230
3,2,김병욱,29504307
3,3,김광수,29183800
3,2,문희상,28590000
3,3,조배숙,26750000
3,1,이완영,26070000
3,1,정병국,25750000
3,1,이종배,24615000
3,2,윤후덕,24540000
3,2,김민기,24510000
3,2,소병훈,23650000
3,2,강창일,23521300
3,2,원혜영,23510000
3,1,이명수,23100000
3,2,민병두,23000000
3,3,박지원,22842000
3,1,홍문종,22800000
3,3,박준영,22042000
3,2,김해영,21340000
3,1,김기선,20531500
3,2,김진표,20287000
3,3,정동영,20262000
3,1,이학재,20260000
3,1,박명재,19756900
3,1,박맹우,19700000
3,1,함진규,19400000
3,2,김병관,19320000
3,2,도종환,19200000
3,2,박광온,18832000
3,1,김상훈,18570000
3,1,김한표,18370000
3,2,우상호,18260000
3,1,김용태,18150000
3,5,이철규,17941000
3,2,조응천,17600000
3,2,유승희,17600000
3,2,표창원,17465000
3,2,김철민,17050000
3,2,이학영,16950000
3,2,임종성,16395500
3,2,전해철,16182000
3,2,우원식,16060000
3,1,오신환,15950000
3,3,김성식,15840000
3,1,김학용,15833840
3,3,권은희,15444733
3,1,정갑윤,15398900
3,2,김상희,15260000
3,1,정운천,15253700
3,2,백혜련,15202000
3,2,김현미,14850000
3,2,유은혜,14740000
3,1,이정현,14720000
3,2,박남춘,14330000
3,2,윤관석,14300000
3,1,조경태,14080000
3,2,강훈식,14080000
3,2,이원욱,14001000
3,1,김명연,13670000
3,1,윤재옥,13500000
3,2,윤호중,13490000
3,1,이은권,13300000
3,1,홍일표,13090000
3,1,정진석,12934008
3,1,주광덕,12870000
3,2,설훈,12870000
3,2,전재수,12870000
3,2,인재근,12771000
3,1,이현재,12700000
3,3,유성엽,12670000
3,1,하태경,12444000
3,1,경대수,12320000
3,2,안규백,12100000
3,2,박찬대,12100000
3,2,김두관,11990000
3,2,조승래,11900000
3,3,송기석,11880000
3,5,주호영,11810800
3,2,김영진,11782000
3,5,홍의락,11750000
3,1,박완수,11700000
3,5,윤종오,11648000
3,2,박완주,11638000
3,2,최인호,11592900
3,2,유동수,11330000
3,2,이인영,11220000
3,2,홍익표,11000000
3,1,조원진,11000000
3,1,홍철호,11000000
3,2,기동민,11000000
3,2,최명길,10725000
3,2,민홍철,10687000
3,2,서영교,10560000
3,2,고용진,10560000
3,1,김석기,10432000
3,1,곽대훈,10200000
3,2,전현희,10153850
3,3,김경진,10068300
3,2,박홍근,9900000
3,2,박정,9900000
3,5,강길부,9768000
3,2,변재일,9740000
3,3,윤영일,9702000
3,2,송영길,9600000
3,1,신상진,9460000
3,1,나경원,9460000
3,2,김한정,9432500
3,2,이찬열,9240000
3,1,김도읍,9027000
3,2,이언주,9000000
3,2,이춘석,8800000
3,2,황희,8800000
3,5,안상수,8800000
3,1,김진태,8580000
3,2,김태년,8360000
3,2,김경협,8360000
3,2,위성곤,8250000
3,1,박찬우,8250000
3,5,김종훈,8050000
3,2,진선미,7700000
3,2,어기구,7700000
3,1,권성동,7590000
3,1,정우택,7164600
3,2,박용진,7150000
3,2,노웅래,7150000
3,2,오영훈,7100000
3,1,백승주,7095000
3,1,권석창,6930000
3,2,전혜숙,6710000
3,1,한선교,6600000
3,2,서형수,6500000
3,2,오제세,6415000
3,1,민경욱,6250000
3,1,여상규,6100000
3,2,이종걸,6050250
3,2,김병기,6050000
3,2,신경민,6050000
3,2,이훈,5830000
3,2,심재권,5500000
3,4,노회찬,5500000
3,1,성일종,5500000
3,1,지상욱,5500000
3,1,이헌승,5500000
3,2,권칠승,5500000
3,1,송석준,5500000
3,3,안철수,5500000
3,1,이진복,5500000
3,2,박영선,5500000
3,1,이주영,3750000
3,1,김영우,3750000
3,1,심재철,3740000
3,2,양승조,3630000
3,1,김재경,3473800
3,1,장석춘,3300000
3,5,윤상현,3300000
3,2,홍영표,3300000
3,1,홍문표,3300000
3,1,김종태,3300000
3,1,박순자,3201000
3,2,한정애,2763000
3,4,심상정,2750000
3,3,황주홍,2398000
3,2,김영호,2200000
3,3,천정배,2200000
3,1,김세연,2000000
3,2,송기헌,1870000
3,1,김성찬,1859000
3,1,정유섭,1800000
3,1,김정재,1236900
3,1,박인숙,1100000
3,2,김경수,1100000
3,2,정성호,1100000
3,2,안호영,1100000
3,2,정재호,550000
3,2,이개호,500000
3,1,윤상직,220000
3,1,김성원,100000
3,2,이석현,22000
4,1,윤한홍,54016114
4,1,박인숙,49770000
4,1,엄용수,46146551
4,1,이혜훈,45795187
4,1,윤재옥,43303660
4,1,박명재,42145510
4,2,이춘석,41055596
4,1,최교일,41000000
4,1,이종구,37862599
4,1,김진태,35820000
4,1,윤영석,35367346
4,2,김철민,33524582
4,1,박성중,32875181
4,3,최경환,32842581
4,3,정동영,32645104
4,2,오영훈,31800000
4,1,박순자,31012825
4,2,황희,30953706
4,1,곽상도,30719159
4,2,이찬열,30693362
4,1,김성태,30261447
4,1,박완수,30187770
4,1,염동열,29743508
4,1,송석준,28761243
4,2,이석현,28755127
4,2,강병원,28576834
4,1,정태옥,28536821
4,1,민경욱,28150000
4,1,김성찬,28031310
4,2,진영,28008291
4,3,김광수,27915520
4,2,유동수,27600991
4,2,박완주,27272963
4,1,이만희,27256964
4,1,이주영,26896582
4,1,심재철,26796269
4,2,전혜숙,26721020
4,2,최명길,26365000
4,1,정종섭,26282650
4,1,김정재,26023470
4,4,노회찬,25186214
4,2,박광온,25052064
4,5,윤종오,24637707
4,1,김석기,24479869
4,1,장석춘,24451993
4,1,김성원,24381700
4,5,이철규,23979034
4,3,김관영,23800000
4,1,김명연,23604260
4,3,장병완,23602091
4,2,이훈,23595380
4,1,강석진,23589943
4,2,김현미,23531207
4,2,강창일,23450000
4,2,이학영,23448965
4,3,정인화,23311040
4,2,백혜련,23000000
4,2,이개호,22922419
4,2,기동민,22742617
4,5,강길부,22645860
4,2,김부겸,22604583
4,2,유은혜,22490944
4,1,홍철호,22362973
4,5,안상수,22309755
4,3,김종회,22104846
4,5,유승민,22080960
4,1,박찬우,21768451
4,2,유승희,21720080
4,5,김종훈,21687828
4,2,홍익표,21673806
4,1,정용기,21330000
4,1,홍일표,21309877
4,2,진선미,21131000
4,2,변재일,21109064
4,2,이인영,21101300
4,2,전현희,20710889
4,5,홍의락,19964793
4,4,심상정,19814441
4,1,김종태,19800000
4,2,권칠승,19682001
4,2,이종걸,19519750
4,1,이은재,19512419
4,2,남인순,19443800
4,1,이정현,19416279
4,1,백승주,19224736
4,2,박홍근,18896438
4,3,천정배,18731642
4,1,정양석,18667490
4,1,배덕광,18587904
4,1,정유섭,18369000
4,2,문희상,18350136
4,2,김정우,18320062
4,2,김종민,18272000
4,2,정재호,18234080
4,1,하태경,18161127
4,2,박용진,18083000
4,1,이헌승,18031023
4,3,권은희,17839931
4,1,박대출,17327749
4,1,추경호,17000000
4,1,유기준,16847348
4,1,이채익,16773080
4,2,홍영표,16717438
4,1,김영우,16699165
4,1,성일종,16549654
4,2,한정애,16337799
4,2,안규백,16277500
4,1,유의동,15952365
4,2,신동근,15941840
4,2,위성곤,15907385
4,2,백재현,15858926
4,1,신상진,15754107
4,2,김상희,15613724
4,1,이군현,15575962
4,2,어기구,15500000
4,2,신창현,15490000
4,2,김경협,15052088
4,1,김용태,15000000
4,1,박덕흠,15000000
4,2,신경민,14752196
4,1,이장우,14741658
4,1,윤상직,14718912
4,2,민홍철,14640423
4,1,이학재,14636236
4,1,황영철,14624654
4,2,우원식,14468264
4,2,박남춘,14340102
4,2,김한정,14335000
4,2,김병관,14301863
4,1,김한표,14128459
4,2,김진표,14127990
4,1,이현재,14000000
4,2,박정,14000000
4,1,정우택,14000000
4,1,김기선,13987488
4,2,노웅래,13914625
4,2,우상호,13800695
4,1,박맹우,13792000
4,2,전해철,13686000
4,1,김상훈,13653398
4,2,서영교,13600000
4,3,박지원,13571390
4,5,장제원,13379081
4,1,이양수,13300000
4,2,박찬대,13100000
4,2,윤후덕,13100000
4,3,유성엽,12989231
4,1,이우현,12984423
4,2,김경수,12919460
4,1,여상규,12893885
4,1,주광덕,12863649
4,1,정운천,12826610
4,1,정진석,12769257
4,2,김민기,12702716
4,2,오제세,12400000
4,5,주호영,12242335
4,1,조원진,12000000
4,1,오신환,11900000
4,2,추미애,11866465
4,2,윤관석,11847222
4,1,이종배,11806165
4,2,김영호,11670338
4,1,김태흠,11609633
4,2,이언주,11593427
4,1,곽대훈,11576319
4,2,안민석,11565597
4,3,안철수,11495000
4,1,이철우,11420000
4,1,홍문표,11400000
4,2,서형수,11392190
4,2,이원욱,11072512
4,2,손혜원,11020990
4,1,함진규,11000000
4,2,김영주,10988751
4,2,김병욱,10951960
4,2,민병두,10909547
4,1,나경원,10850000
4,2,박주민,10745790
4,2,조승래,10736513
4,1,김도읍,10338049
4,1,권석창,10232080
4,2,박범계,10154205
4,2,송영길,10109870
4,2,김영춘,10102300
4,1,홍문종,10064855
4,2,김해영,10000000
4,1,이완영,9979527
4,1,김광림,9978775
4,3,이용주,9893356
4,2,김영진,9861258
4,3,조배숙,9663580
4,1,김학용,9506880
4,2,조응천,9491667
4,3,송기석,9430659
4,3,김성식,9287999
4,2,설훈,9232669
4,1,강석호,9157881
4,2,임종성,9095282
4,2,전재수,8820550
4,2,도종환,8293150
4,2,김병기,8183853
4,1,지상욱,8070000
4,2,고용진,7977747
4,2,송기헌,7961300
4,2,정세균,7766982
4,3,이용호,7757137
4,5,이해찬,7713201
4,2,양승조,7704544
4,1,최경환,7685000
4,3,박주선,7628940
4,2,강훈식,7530531
4,2,최인호,7450000
4,1,김재경,7428541
4,3,황주홍,7141020
4,2,김두관,6840376
4,1,이은권,6838124
4,3,손금주,6801942
4,2,윤호중,6650000
4,2,김태년,6641180
4,1,정갑윤,6530150
4,3,박준영,6528111
4,3,김경진,6324300
4,1,서청원,6312349
4,2,박영선,6251836
4,1,김선동,5500000
4,2,박재호,5314731
4,1,경대수,4899858
4,1,이명수,4836800
4,1,김세연,4835330
4,1,한선교,4703790
4,3,윤영일,4694150
4,2,조정식,4600000
4,2,심재권,4520000
4,2,원혜영,4500000
4,1,정병국,4126000
4,1,원유철,3980217
4,3,김동철,3908390
4,2,정성호,3892590
4,1,김정훈,3685229
4,1,김무성,3600000
4,3,주승용,3587922
4,5,윤상현,3457120
4,2,소병훈,3240309
4,2,표창원,2614194
4,2,금태섭,2547600
4,2,박병석,2546350
4,1,권성동,2480000
4,2,안호영,2450000
4,1,이진복,2389390
4,2,이상민,1603223
4,1,조경태,1061143
4,2,인재근,666416
5,1,염동열,52870720
5,1,박덕흠,48881425
5,1,김태흠,44636725
5,4,심상정,43941231
5,2,김해영,43202580
5,3,이용호,42181000
5,1,홍문표,41700000
5,1,여상규,41518600
5,2,이개호,40987239
5,1,김도읍,40469605
5,3,황주홍,40384000
5,1,황영철,37132589
5,5,안상수,36557183
5,3,손금주,36376000
5,1,최교일,36189000
5,2,김종민,36072400
5,1,이완영,35685000
5,1,성일종,35274000
5,1,엄용수,35203440
5,1,김영우,35117242
5,1,김재경,35051700
5,1,정진석,34792500
5,1,경대수,34021549
5,2,신창현,33897556
5,2,권칠승,32583370
5,2,김현미,32226000
5,1,강석호,31958000
5,3,유성엽,31921732
5,2,신동근,31120000
5,2,안호영,31033400
5,1,이명수,30932120
5,2,강창일,30546000
5,2,설훈,30183443
5,2,이춘석,29629922
5,3,박준영,29512198
5,3,윤영일,29458000
5,3,김종회,29402452
5,3,주승용,29024785
5,1,이만희,28842600
5,1,김광림,28640800
5,2,김진표,28518560
5,1,정병국,28470580
5,2,정세균,28276670
5,3,박주선,28144215
5,2,전현희,27819400
5,1,윤재옥,27705000
5,2,신경민,27610000
5,5,김종훈,27598749
5,1,권석창,27567000
5,2,이인영,27164000
5,2,홍익표,27096305
5,2,박정,27085000
5,2,김경수,26726177
5,2,박용진,26678544
5,1,김진태,26608983
5,1,박대출,26557000
5,2,양승조,26418900
5,2,최명길,26237000
5,2,문희상,26163144
5,1,유의동,26163000
5,2,민병두,26053671
5,5,이해찬,25977073
5,2,우원식,25856377
5,2,김병기,25748500
5,3,김광수,25718581
5,3,권은희,25708482
5,1,나경원,25684155
5,2,송영길,25562000
5,1,최경환,25525000
5,3,최경환,25462000
5,1,정갑윤,25283190
5,1,서청원,25179226
5,2,강병원,25167980
5,3,김관영,25125000
5,3,조배숙,25071000
5,2,박남춘,25028224
5,3,박지원,25000000
5,2,박주민,24930000
5,2,김병관,24922916
5,3,김성식,24917821
5,1,정양석,24895170
5,2,전혜숙,24816125
5,2,서형수,24813538
5,2,노웅래,24800000
5,2,김태년,24662000
5,2,이종걸,24610224
5,3,김동철,24520000
5,2,우상호,24377526
5,3,이용주,24332369
5,1,윤영석,24304628
5,2,이석현,24285000
5,1,박찬우,24275232
5,2,김영호,24223900
5,2,원혜영,24172731
5,2,김병욱,24109532
5,2,오제세,24103038
5,2,위성곤,23981000
5,1,한선교,23917968
5,1,김성찬,23917400
5,3,장병완,23893500
5,2,김두관,23806000
5,1,권성동,23744340
5,1,이우현,23739160
5,2,도종환,23694734
5,5,장제원,23612954
5,2,소병훈,23579500
5,1,송석준,23497507
5,5,윤종오,23454800
5,3,정인화,23126186
5,1,강석진,23112000
5,1,김선동,23099000
5,2,금태섭,23080620
5,1,김종태,23073000
5,1,곽상도,23043136
5,1,김기선,23018137
5,2,박재호,23009000
5,2,황희,22996000
5,1,오신환,22919559
5,2,송기헌,22767580
5,1,김용태,22677980
5,2,박완주,22634000
5,1,박맹우,22572340
5,2,홍영표,22551257
5,1,이진복,22538343
5,1,김성태,22528495
5,1,김학용,22517760
5,1,이장우,22431909
5,2,인재근,22380827
5,2,김철민,22355099
5,2,김부겸,22326100
5,2,박영선,22198000
5,1,이양수,22056630
5,1,심재철,21985353
5,2,오영훈,21832000
5,2,유동수,21801000
5,2,전재수,21794552
5,1,정유섭,21680935
5,5,홍의락,21652898
5,5,윤상현,21611380
5,2,임종성,21553000
5,2,김민기,21549377
5,1,조경태,21541461
5,2,고용진,21495000
5,2,박홍근,21453000
5,2,기동민,21432158
5,2,안규백,21328295
5,1,이철우,21134000
5,2,백재현,21127945
5,1,이현재,20997741
5,2,윤관석,20963602
5,1,이학재,20860327
5,1,이은권,20829155
5,1,이헌승,20753740
5,1,김명연,20745120
5,1,이종배,20677579
5,2,서영교,20676013
5,2,남인순,20637747
5,3,정동영,20619001
5,2,유은혜,20533066
5,2,안민석,20492170
5,2,김정우,20414796
5,5,이철규,20310040
5,1,김세연,20151938
5,1,배덕광,20150030
5,1,홍문종,20127401
5,2,이원욱,20107589
5,1,이주영,20015262
5,3,안철수,20000000
5,2,김한정,19813953
5,2,김영진,19529445
5,2,정재호,19518000
5,2,윤호중,19475000
5,2,이훈,19444845
5,1,김무성,19434000
5,1,박완수,19400345
5,2,전해철,19367228
5,1,주광덕,19294050
5,2,김영주,19146050
5,2,윤후덕,19082000
5,1,신상진,19053000
5,2,표창원,18974225
5,3,천정배,18941348
5,4,노회찬,18779748
5,1,유기준,18718379
5,1,홍일표,18639000
5,1,홍철호,18601860
5,2,박광온,18575334
5,1,추경호,18503450
5,2,김상희,18488000
5,2,한정애,18481997
5,1,함진규,18330960
5,2,변재일,18201433
5,2,어기구,18129000
5,2,유승희,18073000
5,1,정용기,18047720
5,1,이정현,17891000
5,1,박순자,17861495
5,2,이언주,17840628
5,5,강길부,17811210
5,2,이찬열,17610350
5,2,박찬대,17472000
5,2,이상민,17373000
5,2,백혜련,17284328
5,3,송기석,17149930
5,1,박명재,17022000
5,2,민홍철,16875000
5,2,박병석,16851000
5,1,민경욱,16778720
5,1,이채익,16507144
5,2,박범계,16500000
5,1,정우택,16500000
5,2,최인호,16441273
5,1,김성원,16200813
5,5,유승민,16049039
5,5,주호영,15990000
5,1,박인숙,15640898
5,2,조정식,15441940
5,2,진선미,15201315
5,2,조승래,14998020
5,1,김정훈,14982063
5,1,장석춘,14691000
5,2,이학영,14468102
5,2,정성호,14152000
5,1,조원진,14055000
5,1,윤상직,13882843
5,2,김경협,13759000
5,1,박성중,13751171
5,1,정운천,13525002
5,2,심재권,13438000
5,1,김상훈,13061901
5,1,곽대훈,12967218
5,1,원유철,12892358
5,1,유재중,12755360
5,1,김석기,12362000
5,1,정종섭,12326659
5,1,백승주,12156000
5,2,진영,11223820
5,2,김영춘,11114700
5,2,조응천,10822219
5,1,하태경,10352983
5,1,이은재,10283000
5,3,김경진,9345080
5,1,정태옥,9312421
5,1,김한표,9087242
5,1,이혜훈,8100000
5,1,윤한홍,7876461
5,2,강훈식,7520101
5,1,이종구,3167000
5,2,손혜원,1176000
5,1,김정재,623000
5,2,추미애,587725
5,1,지상욱,532528
6,1,김종태,133010000
6,1,강석진,121072350
6,1,염동열,120110000
6,3,이용호,114370000
6,1,엄용수,111180000
6,3,황주홍,109410000
6,1,이완영,108140000
6,2,이개호,101080000
6,3,유성엽,99640000
6,1,정진석,98740000
6,1,황영철,96940000
6,3,손금주,96240000
6,1,권석창,92530000
6,3,정인화,91710000
6,5,안상수,90840000
6,1,박덕흠,87630000
6,1,여상규,85310000
6,3,김종회,84140000
6,1,유기준,81600000
6,3,윤영일,81220000
6,1,홍문표,78750000
6,1,성일종,78361540
6,3,김관영,78260000
6,1,정병국,78200000
6,1,김태흠,77670000
6,1,이종배,76570000
6,1,김광림,75210000
6,3,박지원,75050000
6,1,강석호,74620000
6,1,이정현,73460000
6,2,김종민,72150000
6,3,박준영,68810000
6,1,최교일,67967260
6,1,이주영,67180000
6,1,김무성,65230000
6,3,김경진,64150000
6,1,경대수,63240000
6,1,권성동,62852000
6,2,안호영,62650000
6,1,이철우,62260000
6,1,김진태,61340000
6,2,오영훈,61020000
6,1,김성원,59419050
6,1,김상훈,59410000
6,1,김기선,58930000
6,2,진영,56680000
6,2,송기헌,56208000
6,1,곽상도,55680000
6,3,박주선,55090000
6,1,박명재,55010000
6,2,김부겸,54640000
6,1,최경환,54590000
6,1,지상욱,54250000
6,2,정세균,54110000
6,1,이양수,53960000
6,1,이장우,53200000
6,1,김영우,52940000
6,1,백승주,52890000
6,1,김세연,52880000
6,5,이해찬,52830000
6,2,김태년,52701000
6,1,이종구,52050000
6,1,이은권,51830000
6,2,신창현,51220000
6,1,곽대훈,50750000
6,1,김학용,50465000
6,1,김재경,50360000
6,1,정유섭,50070000
6,1,김성찬,49990000
6,3,김동철,49840000
6,1,김정재,49776579
6,3,이용주,49730000
6,2,이종걸,49250000
6,1,박완수,49195010
6,2,오제세,48730000
6,2,김경협,48266780
6,2,박병석,47760000
6,2,이춘석,47740000
6,2,전재수,47440000
6,1,김도읍,47438000
6,1,이학재,46590000
6,1,김석기,46480000
6,1,이진복,46020000
6,2,진선미,45810000
6,2,홍영표,45530000
6,2,박재호,45120000
6,2,위성곤,45110000
6,2,어기구,45110000
6,2,유승희,44980000
6,1,이은재,44766000
6,1,윤상직,44503520
6,2,김영진,44480000
6,2,홍익표,44460000
6,3,최경환,44250000
6,1,송석준,43730000
6,1,박대출,43610000
6,2,박범계,43550000
6,1,이현재,43540000
6,2,박정,43480000
6,2,도종환,43400000
6,4,심상정,43110000
6,1,하태경,42940000
6,1,김한표,42910000
6,3,주승용,42610000
6,1,정용기,42530000
6,1,정갑윤,42380000
6,3,조배숙,42380000
6,1,윤한홍,42340000
6,3,김성식,42230000
6,1,정우택,42180000
6,2,이훈,42090000
6,1,정태옥,41540000
6,2,박용진,41540000
6,2,김영주,41430000
6,3,정동영,40760000
6,1,유재중,40753460
6,2,김해영,40690000
6,1,추경호,39740000
6,2,김영춘,39730000
6,2,정성호,39440000
6,1,원유철,39080000
6,2,이언주,39080000
6,1,이혜훈,39060000
6,1,이만희,38810000
6,2,손혜원,38610000
6,2,윤관석,38520000
6,5,장제원,38460000
6,2,남인순,38420000
6,5,강길부,38200000
6,5,주호영,38020000
6,3,장병완,37853400
6,1,함진규,37830000
6,2,정재호,37820000
6,1,이헌승,37570000
6,3,김광수,37240000
6,1,김정훈,37180000
6,1,박찬우,37100000
6,2,설훈,37016760
6,2,백재현,36896054
6,2,민홍철,36620000
6,1,주광덕,36570000
6,2,박주민,36530000
6,2,김병관,36360000
6,2,박홍근,36310000
6,1,장석춘,36210000
6,2,김병욱,36170000
6,1,오신환,36140000
6,1,서청원,36087500
6,2,김상희,35970000
6,2,박남춘,35738000
6,2,서형수,35680000
6,2,양승조,35620000
6,1,이우현,35510000
6,1,정양석,35500000
6,2,강창일,35460000
6,2,강병원,35442500
6,2,송영길,35235000
6,2,김영호,34870000
6,1,조경태,34750000
6,1,정운천,34730000
6,5,김종훈,34669000
6,2,유은혜,34580000
6,2,심재권,34560000
6,2,김진표,34430000
6,2,윤후덕,34158000
6,2,윤호중,33930000
6,2,금태섭,33910000
6,2,우상호,33600000
6,1,조원진,33530000
6,1,정종섭,33510000
6,1,유의동,33390000
6,2,박영선,33290000
6,2,안규백,33150000
6,2,김경수,33113334
6,2,서영교,33080000
6,3,송기석,33040000
6,2,이찬열,32810160
6,1,윤재옥,32455000
6,2,최인호,32350000
6,1,홍일표,32350000
6,3,안철수,32075000
6,2,백혜련,32000000
6,2,기동민,31980000
6,1,신상진,31610000
6,2,우원식,31520000
6,2,문희상,31460000
6,1,김용태,31460000
6,2,황희,31390000
6,5,홍의락,31370000
6,2,전혜숙,31330000
6,1,박성중,31320000
6,2,추미애,31070000
6,2,김병기,30986740
6,1,이명수,30690000
6,2,전해철,30550000
6,2,김한정,30360000
6,1,배덕광,30290000
6,5,윤종오,30230000
6,2,신경민,30130000
6,5,유승민,29960000
6,2,원혜영,29880000
6,3,천정배,29496680
6,2,인재근,29490000
6,2,전현희,29420000
6,1,김명연,29380000
6,2,최명길,29375000
6,1,나경원,29310000
6,2,이인영,29050000
6,5,윤상현,29050000
6,1,박인숙,29050000
6,1,한선교,28860000
6,2,표창원,28713340
6,1,심재철,28210000
6,2,노웅래,28020000
6,3,권은희,27870000
6,1,김선동,27560000
6,1,홍철호,27468000
6,2,박찬대,26740000
6,2,박광온,26390000
6,2,김현미,26390000
6,2,김민기,26240000
6,2,이석현,26110000
6,1,김성태,26000000
6,2,권칠승,26000000
6,2,고용진,25220000
6,1,이채익,24950000
6,4,노회찬,24830000
6,2,신동근,24750000
6,2,강훈식,24620000
6,1,윤영석,24506740
6,2,박완주,24300000
6,2,임종성,23430000
6,5,이철규,23380000
6,2,안민석,23350000
6,2,민병두,23320000
6,1,박맹우,23270000
6,2,조승래,23024000
6,2,조응천,22950000
6,2,한정애,22750000
6,2,이학영,21900000
6,2,소병훈,21330000
6,2,이상민,20790000
6,2,김두관,20540000
6,1,박순자,20540000
6,2,김철민,20325000
6,2,김정우,19930000
6,2,조정식,19880000
6,1,홍문종,19799000
6,2,이원욱,19200000
6,1,민경욱,18460000
6,2,유동수,18200000
6,2,변재일,17610000
7,1,지상욱,97570240
7,1,강석호,82483470
7,2,손혜원,81580640
7,4,노회찬,81064210
7,5,장제원,78790180
7,1,김정재,74811280
7,1,최교일,74759980
7,2,김정우,72645500
7,2,홍영표,70118640
7,2,진영,69262570
7,1,정갑윤,69048107
7,1,염동열,68731450
7,1,정유섭,67126900
7,5,윤상현,66990123
7,2,정재호,66976640
7,1,신상진,66805800
7,2,윤관석,66703595
7,1,김무성,66134720
7,2,추미애,66001600
7,1,하태경,65534910
7,2,안호영,65147390
7,2,김한정,64908656
7,2,이종걸,64519085
7,2,강훈식,64457130
7,5,이해찬,64067500
7,1,이채익,63243845
7,1,김석기,63060670
7,5,안상수,62677600
7,4,심상정,62520059
7,2,박주민,62109630
7,1,곽대훈,61528670
7,1,백승주,61347040
7,2,유은혜,61291513
7,2,김종민,61243610
7,2,도종환,61157350
7,1,박인숙,61077710
7,1,김한표,60843900
7,1,김세연,60778520
7,2,김태년,60675680
7,1,오신환,60476720
7,2,황희,60374620
7,3,황주홍,60113150
7,2,진선미,59903790
7,1,주광덕,59788979
7,2,민홍철,59759502
7,1,이만희,59357280
7,2,박남춘,58928140
7,2,박영선,58797090
7,2,오제세,58788260
7,2,조승래,58622214
7,1,나경원,58584260
7,1,김종태,58569950
7,2,기동민,58486750
7,1,이은권,58321250
7,1,정우택,57898330
7,5,홍의락,57824900
7,2,양승조,57709090
7,3,김성식,57641180
7,2,소병훈,57589016
7,2,김현미,57432923
7,1,강석진,56979130
7,2,김영주,56429320
7,2,유동수,56147860
7,1,김성원,56117200
7,2,이찬열,55972470
7,3,윤영일,55948575
7,2,신경민,55895922
7,1,김진태,55867220
7,2,설훈,55773300
7,1,곽상도,55760590
7,1,엄용수,55675110
7,2,어기구,55663647
7,3,정동영,55642400
7,1,이진복,55575040
7,2,이상민,55484615
7,1,송석준,55076410
7,2,최인호,54930000
7,2,김병욱,54786370
7,1,정진석,54769228
7,2,이개호,54736460
7,1,정병국,54720320
7,2,신창현,54638916
7,5,주호영,54533590
7,1,윤한홍,54454851
7,2,이인영,54373490
7,2,백재현,54346100
7,1,한선교,54314700
7,2,금태섭,54176000
7,1,추경호,54112500
7,2,위성곤,53874230
7,2,남인순,53838650
7,2,조응천,53682010
7,2,강병원,53615562
7,2,김경협,53387110
7,2,임종성,53309400
7,2,윤후덕,53169244
7,1,박찬우,53031784
7,2,이훈,52946880
7,2,서형수,52771110
7,2,김병기,52686130
7,2,김병관,52655670
7,1,서청원,52596630
7,5,강길부,52553870
7,2,박정,52531140
7,2,윤호중,52356070
7,2,변재일,52227380
7,1,이학재,52086550
7,3,최경환,52031658
7,1,김재경,51986794
7,1,이은재,51889094
7,5,이철규,51854100
7,1,최경환,51521170
7,2,우원식,51420840
7,1,김영우,51415197
7,1,박덕흠,51141900
7,2,김두관,50886670
7,1,김상훈,50515340
7,2,박완주,50444760
7,2,전해철,50297590
7,2,김진표,50126270
7,2,김상희,50109561
7,2,김민기,50073790
7,2,박찬대,50020500
7,2,박광온,49874130
7,2,박홍근,49784070
7,1,정종섭,49680850
7,1,성일종,49658670
7,1,경대수,49551390
7,2,김경수,49510743
7,1,이정현,49433600
7,2,이언주,49373090
7,2,이석현,49252240
7,3,조배숙,49132498
7,1,김선동,49071210
7,1,함진규,48742880
7,2,송영길,48685720
7,2,권칠승,48557180
7,1,여상규,48408750
7,1,홍문표,48408200
7,3,김종회,48375940
7,2,박재호,48373517
7,1,황영철,48187700
7,2,전현희,48004650
7,1,정운천,47926410
7,1,김학용,47881200
7,3,이용주,47857530
7,1,이종구,47851480
7,1,김명연,47704100
7,5,유승민,47668780
7,1,김성찬,47358820
7,1,김성태,47276816
7,2,정세균,47112802
7,1,유기준,47008600
7,1,배덕광,47003725
7,3,박주선,46785728
7,2,박범계,46603530
7,3,김경진,46593950
7,3,권은희,46548285
7,2,김영호,46494960
7,1,정태옥,46358425
7,3,유성엽,46342357
7,2,유승희,46235460
7,2,서영교,45561280
7,2,안규백,45045460
7,2,표창원,45018580
7,3,이용호,44944390
7,2,최명길,44879660
7,1,김용태,44860665
7,1,이현재,44712990
7,1,윤영석,44649250
7,2,김부겸,44611350
7,3,장병완,44266680
7,1,윤상직,44162293
7,1,홍일표,44037390
7,1,이헌승,43946760
7,1,유의동,43779724
7,1,김태흠,43756370
7,1,민경욱,43205380
7,2,홍익표,43079100
7,1,조경태,42986000
7,2,박병석,42927550
7,3,송기석,42885278
7,2,원혜영,42819699
7,2,조정식,42770364
7,2,우상호,42736940
7,5,윤종오,42675994
7,2,심재권,42629680
7,5,김종훈,42203800
7,1,박순자,42107720
7,2,민병두,42076120
7,3,안철수,42062430
7,2,노웅래,42061410
7,3,박준영,41968300
7,1,김정훈,41634620
7,1,김도읍,41494588
7,3,정인화,41493600
7,1,박맹우,41133800
7,1,홍철호,41114027
7,2,김영춘,41045870
7,3,손금주,41045300
7,1,김광림,40923400
7,1,권석창,40743775
7,1,권성동,40648700
7,1,심재철,40217520
7,2,문희상,39849000
7,2,김영진,39810450
7,2,인재근,39730640
7,2,오영훈,39379103
7,2,강창일,39262900
7,2,송기헌,38688820
7,1,이종배,38671000
7,3,김관영,37875500
7,1,이철우,37237588
7,2,박용진,36819020
7,2,전혜숙,36727950
7,1,조원진,35923560
7,3,박지원,35893000
7,2,한정애,35659090
7,2,고용진,35557580
7,1,윤재옥,35402112
7,1,이장우,35384500
7,1,원유철,35120400
7,2,김해영,34986220
7,2,이원욱,34885255
7,1,정용기,34525333
7,2,이학영,34346890
7,1,이우현,33880200
7,1,이양수,33644740
7,3,김광수,33418190
7,1,박명재,33227800
7,1,박완수,33140800
7,1,이혜훈,33052290
7,3,천정배,32761824
7,1,김기선,32595270
7,3,김동철,32594530
7,3,주승용,32463000
7,2,안민석,32423020
7,2,정성호,32079535
7,1,이주영,32018200
7,1,장석춘,31664565
7,1,이완영,31074000
7,2,전재수,30287580
7,1,박성중,30077180
7,2,김철민,29849570
7,1,박대출,29668574
7,1,유재중,29129768
7,2,이춘석,26684800
7,1,이명수,26543800
7,1,홍문종,26399236
7,1,정양석,24855790
7,2,신동근,18611470
7,1,이군현,10835810
7,2,백혜련,6731080
